score,forest
0.6887905604719764,forest_10_10.csv
0.6844919786096257,forest_10_10.csv
0.727009413468501,forest_10_100.csv
0.7185289957567187,forest_3_100.csv
0.7566826593557231,forest_5_cut_100.csv
